p,H,t,R_c,beta,H_over_p,t_over_p,Rc_over_t,f_over_t,alpha_deg,T_L,lam,J1,J2,t_over_Rmin,A11,A12,A22,A66,D11,D12,D22,D66,A22_over_A11,A66_over_A11,D22_over_D11,t_b,t_b_over_t,t_s,Kt,A11_over_Et,A22_over_Et,A66_over_Gt,D11_over_Dflat,D22_over_Dflat,D66_over_Gt3,vm_per_N_x,vm_per_N_y,vm_per_N_xy,vm_per_M_x,vm_per_M_y,vm_per_M_xy,vm_per_N_xp,vm_per_N_yp,vm_per_M_xp,vm_per_M_yp,ZA11,ZA12,ZA22,ZA66,ZA16,ZA26,ZD11,ZD12,ZD22,ZD66,ZD16,ZD26,coupA16,coupD16,ZA22_over_ZA11,ZD22_over_ZD11
9.0,3.2,0.6,0.6,60.0,0.35555555555555557,0.06666666666666667,1.0,2.666666666666667,38.066510159453145,4.775981574503821,1.238498821985648,0.8111566903796094,1.1966149958932004,1.0,3126.7319433380076,938.0195830014022,143699.56946083848,35961.650304240386,3082.42716893489,924.7281506804669,141663.3933120155,1654.8249644531313,45.95839108210505,11.501353795569946,45.95839108210504,3.4394714570722638,5.732452428453773,0.7430992931913888,17.000000000000004,0.02700113940706397,1.2409289245322839,0.8074291087307859,0.8074291087307859,37.10814275012497,1.2384988219856483,25.27433374669756,1.3457151812179764,3.544925926256401,15.00787323819512,2.593278210238136,24.735519888181084,6.223209333363158,18.900233673214345,11.48334891406358,15.439636995008323,108349.42363998605,1144.9560244786683,38063.004881235865,36168.586745717665,30554.386903246454,30315.437282862367,81466.20221591213,26476.677711013643,12175.719144371877,27206.77452478632,44756.08424720284,15251.234333246664,0.48808392141700385,0.9506591191884168,0.35129863733939437,0.14945730638212681
9.0,3.2,0.6,0.7,60.0,0.35555555555555557,0.06666666666666667,1.1666666666666667,2.666666666666667,38.59109266650568,4.640043103248072,1.2406669741799865,0.8105510066135129,1.2225340145624566,0.8571428571428572,3061.780286036291,918.5340858108872,143944.7958357857,35898.80480851765,3077.040412158655,923.1121236475964,144662.2267204021,1657.7219493466434,47.01343087623484,11.724814145626171,47.01343087623485,3.47272354723223,5.787872578720384,0.7444001845079918,17.000000000000004,0.02644024426628921,1.2430465961639525,0.8060180699667175,0.8060180699667174,37.89367481737649,1.2406669741799867,25.274583201203086,1.343363449944529,3.4613674257426315,15.003458864562162,2.5394666411207414,24.55389382665007,6.2308540651565565,18.90300261067598,11.405626191866254,15.385030284183108,108428.86281407402,1213.7132200851818,37987.35503919936,36193.98394279196,30672.48935959269,30331.64585432785,83154.27606436388,27034.766202624905,12361.682910242214,27769.376028323964,45729.662547106804,15578.521524138947,0.48961913047661054,0.9516398994644933,0.3503435713822558,0.1486596179452504
9.0,3.2,0.6,0.8,60.0,0.35555555555555557,0.06666666666666667,1.3333333333333335,2.666666666666667,39.1462516608204,4.5,1.2429265711273296,0.8099606623458468,1.248767595302301,0.7499999999999999,2998.7299736161895,899.6189920848568,144200.78263417023,35833.54203946684,3071.446460525729,921.4339381577187,147697.52105844326,1660.7411184985933,48.087284918247406,11.949572770720307,48.087284918247406,3.505850700699907,5.843084501166512,0.7457559426763978,17.000000000000004,0.025895768338654486,1.2452571902778085,0.8045527573628133,0.8045527573628134,38.68875767506719,1.2429265711273296,25.274753691051632,1.3409212622713558,3.396178054056622,14.999187632922194,2.4872124433540264,24.391193104838592,6.236837997944703,18.905176549518533,11.335733493840173,15.336279536422303,108512.87450670368,1287.0139544128479,37911.84817642672,36220.937001794846,30794.80375341974,30347.4785818542,84862.91456484023,27599.521782281317,12549.877265881527,28338.828962622203,46715.0648611242,15909.86246458574,0.49119842578949074,0.9525922294129519,0.349376498860369,0.1478841179357879
9.0,3.2,0.6,0.9,60.0,0.35555555555555557,0.06666666666666667,1.5,2.666666666666667,39.73556901298028,4.355456348076513,1.245285792233423,0.8093898655320331,1.2753284503330207,0.6666666666666666,2937.482773933471,881.2448321800413,144468.4681902844,35765.65461216875,3065.6275381858923,919.6882614557677,150770.7614198588,1663.8934008534272,49.181043535731845,12.175613395777068,49.181043535731845,3.5388540608829633,5.898090101471606,0.7471714753400538,17.000000000000004,0.025366863332758817,1.2475688099333713,0.8030285146082794,0.8030285146082794,39.49378033738387,1.245285792233423,25.27480141349433,1.3383808576804657,3.3437274277391467,14.995052190850187,2.4364417113596994,24.24480509847158,6.241614380461094,18.906874719531608,11.272597786411543,15.292550598546047,108601.81380159986,1365.1528667768023,37836.32109342445,36249.562646765524,30921.74163233866,30362.972764263737,86592.95816849313,28171.20804240317,12740.391227656732,28915.41318180084,47712.77183408397,16245.427271371207,0.49282646568327293,0.9535174777260012,0.3483949279387364,0.14712964537908957
9.0,3.2,0.6,1.0,60.0,0.35555555555555557,0.06666666666666667,1.6666666666666667,2.666666666666667,40.36330087638883,4.205948168962618,1.2477540363321808,0.8088437691503009,1.3022302274116615,0.6,2877.945911663785,863.3837734991355,144748.93253931627,35694.90479821167,3059.563268418143,917.8689805254428,153883.54428245616,1667.1913546992291,50.29591833282046,12.402910233144684,50.29591833282046,3.5717333462828407,5.952888910471401,0.7486524217993085,17.000000000000004,0.024852728079998145,1.2499907818593805,0.8014400041049252,0.8014400041049253,40.30916099511662,1.2477540363321808,25.274791200210455,1.3357333401748754,3.301194826938817,14.991045397653664,2.3870816819918512,24.11152269055976,6.245549228732289,18.908260853330983,11.214910015166529,15.252847757603618,108696.09368656529,1448.475969336962,37760.60037273909,36279.99699404951,31053.772756645074,30378.166483109646,88345.31074687914,28750.107262592912,12933.320239860188,29499.429636766712,48723.30002881614,16585.399500213247,0.4945085228569467,0.9544169300019775,0.34739611233523343,0.14639509590855185
9.0,3.2,0.6,1.1,60.0,0.35555555555555557,0.06666666666666667,1.8333333333333335,2.666666666666667,41.03456125568208,4.0509258201058165,1.2503421916347353,0.8083287329422356,1.3294876119146326,0.5454545454545454,2820.031572721494,846.0094718164481,145043.42863284727,35621.017859303465,3053.230102226011,915.9690306678032,157037.59018715614,1670.649528361181,51.43326409387394,12.6314251953311,51.43326409387394,3.6044865179460506,6.007477529910084,0.7502053149808412,17.000000000000004,0.02435260425493518,1.2525339260176793,0.7997810572900605,0.7997810572900605,41.13535033687741,1.2503421916347355,25.274742655712355,1.3329684288167678,3.2658245027798896,14.987160420028653,2.3390620072874326,23.988442218881424,6.248843302007145,18.90941427842679,11.161486690790143,15.216279414258999,108796.1975256804,1537.391313951813,37684.49899561758,36312.399701438844,31191.438209317163,30393.099223977817,90120.9468944357,29336.52230215564,13128.766851970711,30091.202799849034,49747.20598657159,16929.977822948407,0.4962506248848073,0.9552917937787994,0.34637698607731654,0.14567941532337933
9.0,3.2,0.6,1.2,60.0,0.35555555555555557,0.06666666666666667,2.0,2.666666666666667,41.75557371500689,3.889730067755346,1.2530629887737588,0.8078526778648575,1.3571164431728941,0.5,2763.656441379214,829.0969324137642,145353.4231797254,35543.67333285189,3046.6005713873046,913.9801714161914,160234.7583737485,1674.2849319230916,52.594606552175556,12.861104151973997,52.59460655217555,3.637109328931676,6.061848881552793,0.7518377932642553,17.000000000000004,0.02386577237805884,1.255210908287784,0.7980444789759491,0.7980444789759492,41.972835382875985,1.253062988773759,25.274659762326273,1.330074131626582,3.235966011338398,14.983390755138826,2.292315145653064,23.873118899588547,6.251647747794959,18.910387727790663,11.11133170370462,15.182100668332913,108902.69541547577,1632.3830120767855,37607.81204630274,36346.95941251493,31335.36751310601,30407.812644446567,91920.92038416858,29930.778710405764,13326.84148298804,30691.08347091268,50785.09090523724,17279.37801022372,0.4980597372599385,0.956143202579933,0.3453340792238869,0.1449815931704194
9.0,3.2,0.6,1.3,60.0,0.35555555555555557,0.06666666666666667,2.166666666666667,2.666666666666667,42.534024510627006,3.7215588131856796,1.255931471101144,0.8074255751525463,1.38513384704358,0.4615384615384615,2708.7412645262466,812.6223793578739,145680.65106731982,35462.49342682068,3039.6422937274856,911.8926881182457,163477.063742162,1678.1176656174514,53.78167821901553,13.091871819297957,53.781678219015554,3.669594705120624,6.1159911752010405,0.7535588826606863,17.000000000000004,0.023391548052903683,1.2580367104259051,0.7962217867852657,0.7962217867852656,42.82214392785476,1.255931471101144,25.274548433759804,1.327036311308776,3.2104346954849547,14.979730224408705,2.246776389342619,23.763520013288133,6.254071944221817,18.911221601551055,11.063616792931688,15.149696432077892,109016.26601677496,1734.029979204287,37530.31111537824,36383.90102666711,31486.30140500385,30422.35155339447,93746.37400558146,30533.227062590093,13527.663281364275,31299.45204008931,51837.60604786088,17633.835298146438,0.4999440065403708,0.9569722188051963,0.34426340661496546,0.14430065615720633
9.0,3.2,0.6,1.4,60.0,0.35555555555555557,0.06666666666666667,2.3333333333333335,2.666666666666667,43.37957136947274,3.5454195802471675,1.258965634677873,0.8070601358681468,1.4135583866161197,0.4285714285714286,2655.2104378687777,796.5631313606333,146027.1894351059,35377.02722906923,3032.316619634505,909.6949858903515,166766.6965779197,1682.1717749503578,54.99646557291918,13.323624645534625,54.99646557291918,3.70193187881774,6.1698864646962335,0.7553793808067237,17.000000000000004,0.022929278392649202,1.2610292697332115,0.7943028566112262,0.7943028566112262,43.68384970809066,1.258965634677873,25.274416343354204,1.3238380943520438,3.188359908235218,14.976172954845957,2.2023837302252476,23.65793304212549,6.256197372519729,18.91194840999993,11.017644079981913,15.118552118681666,109137.72630567598,1843.031511481213,37451.73680705748,36423.49560918983,31645.122801575126,30436.765199653033,95598.55106472858,31144.245509510114,13731.36108558605,31916.722298570137,52905.45901283136,17993.60724555296,0.5019130905726149,0.9577798351619866,0.34316031747043746,0.14363566113349058
9.0,3.2,0.6,1.5,60.0,0.35555555555555557,0.06666666666666667,2.5,2.666666666666667,44.30459982548396,3.3600595232822883,1.2621873212181975,0.8067728080915955,1.4424102323767394,0.39999999999999997,2602.991609323923,780.8974827971768,146395.56104190642,35286.72867310641,3024.5767434091204,907.3730230227361,170106.04555144344,1686.4764438123145,56.24127274076379,13.556220675744497,56.241272740763776,3.7341051493604263,6.223508582267377,0.7573123927309184,17.000000000000004,0.022478338595197954,1.2642103716917652,0.7922754278935809,0.7922754278935809,44.55857842596821,1.2621873212181975,25.274236143832685,1.3204590464893016,3.169193732868301,14.972713354979865,2.1590776496074917,23.554872721872478,6.258084262898971,18.912570394368007,10.972808338336437,15.088224797178883,109268.07312253382,1960.2430440241087,37371.788406242624,36466.074234333355,31812.899978255504,30451.10902377159,97478.8088856427,31764.242486814834,13938.074481625616,32543.345907604424,53989.42101361325,18358.977231074256,0.5039786186577621,0.9585669741020355,0.3420192864967399,0.14298568725821292
9.0,3.2,0.6,1.6,60.0,0.35555555555555557,0.06666666666666667,2.666666666666667,2.666666666666667,45.32539043561644,3.1638584039112754,1.2656235015649617,0.8065852631180193,1.4717113514768254,0.37499999999999994,2552.015295630034,765.6045886890101,146788.88285782927,35190.92485513195,3016.3649875827377,904.9094962748213,173497.72455397082,1691.0677093987217,57.5188099809529,13.789464708691769,57.518809980952895,3.766092061362068,6.276820102270113,0.7593741009389771,17.000000000000004,0.022038128632383712,1.2676069331418762,0.7901243922568485,0.7901243922568486,45.44701477953756,1.2656235015649617,25.274055111505294,1.3168739870947475,3.1522126856933,14.969346088584476,2.1168008709592647,23.45299553428904,6.259776642177525,18.913134482436043,10.928562387874647,15.058317158391938,109408.54292561315,2086.7276303552785,37290.10914451358,36512.047896798234,31990.948611527685,30465.44712405041,99388.63471648455,32393.659442164015,14147.954933290575,33179.81765528793,55090.33532175425,18730.258806346403,0.5061548525705958,0.9593344843196212,0.34083361451826594,0.14234982675482916
9.0,3.2,0.6,1.7,60.0,0.35555555555555557,0.06666666666666667,2.8333333333333335,2.666666666666667,46.46400407538903,2.954657340538831,1.2693081881724173,0.8065266927771008,1.5014857115712303,0.35294117647058826,2502.2145098231176,750.6643529469353,147211.08749625,35088.76879033544,3007.6087534573226,902.2826260371968,176944.60391846727,1695.9910175811453,58.83232109730528,14.023085811622073,58.83232109730528,3.7978606354419906,6.329767725736652,0.7615849129034504,17.000000000000004,0.021608070033014834,1.2712529144753886,0.7878307327709165,0.7878307327709165,46.34991064070387,1.2693081881724175,25.27382989785489,1.313051221284861,3.13723106638338,14.966066047714534,2.0754980947042165,23.351018115313504,6.261313964412805,18.913625767127346,10.88438416821954,15.028453139148173,109560.7008486112,2223.832753978953,37206.26435539783,36561.93719136747,32180.92421271283,30479.85586691786,101329.66449917867,33032.97325407325,14361.166916673767,33826.68164561721,56209.12700105261,19107.801234362232,0.5084596715372842,0.960083132598931,0.33959498312089753,0.14172717325823347
9.0,3.2,0.6,1.8,60.0,0.35555555555555557,0.06666666666666667,3.0,2.666666666666667,47.751505138034574,2.7294688127912363,1.2732854150180735,0.8066375246682828,1.5317594847070384,0.3333333333333333,2453.524400938581,736.0573202815743,147667.2682551774,34979.16571818216,2998.214204415613,899.4642613246839,180449.84636817008,1701.3052045279949,60.185775286639974,14.25670178980127,60.18577528663996,3.8293649769449676,6.382274961574947,0.763971249010844,17.000000000000004,0.021187602771490337,1.2751922992675078,0.7853698693201521,0.7853698693201521,47.26809447180046,1.2732854150180735,25.273586943385325,1.3089497822002534,3.123843021420008,14.962868326001908,2.035115727347037,23.24763007236057,6.262726693656646,18.91407331501354,10.839741658228531,14.998252381338155,109726.5794523381,2373.3101595610997,37119.707525218764,36616.4185574617,32384.96615659381,30494.42942161479,103303.70497126435,33682.69761729175,14577.888889387175,34484.53856049507,57346.81395217968,19491.996746231896,0.5109161079327973,0.9608135877597209,0.3382927610656308,0.14111680596007917
9.0,3.2,0.6,1.9,60.0,0.35555555555555557,0.06666666666666667,3.1666666666666665,2.666666666666667,49.23388969265534,2.48394846967484,1.2776141530526381,0.8069757866368586,1.5625612125815536,0.3157894736842105,2405.881916023848,721.7645748071544,148164.24829593764,34860.651341443416,2988.055829266578,896.4167487799733,184016.94732435435,1707.089064501871,61.584173067315646,14.489759912679714,61.58417306731566,3.8605379227566186,6.4342298712610315,0.7665684918315828,17.000000000000004,0.02077618234908332,1.2794840094640556,0.7827089247647053,0.7827089247647053,48.202481884042164,1.2776141530526381,25.273305548241936,1.304514874607842,3.111872770853728,14.959748193316369,1.995601619436498,23.14138434221345,6.264040413365527,18.91447354378752,10.7940488738661,14.967298664104305,109908.90750785162,2537.513767914675,37029.72431789478,36676.40053455095,32605.935310202713,30509.288739359774,105312.7594384473,34343.381760915,14798.3136909035,35154.054076636916,58504.51896675282,19883.290460088538,0.5135548837894883,0.9615263901157717,0.336912859544614,0.14051776603150112
9.0,3.2,0.6,2.0,60.0,0.35555555555555557,0.06666666666666667,3.3333333333333335,2.666666666666667,50.984109543253155,2.2113344387495983,1.2823770554796705,0.8076288745445581,1.5939218329347986,0.3,2359.2255156073506,707.7676546822051,148711.59332095052,34731.17469479522,2976.957830982447,893.087349294734,187649.7771688059,1713.4530348986057,63.03407297740535,14.721430598742126,63.034072977405344,3.891277798045692,6.48546299674282,0.7694262332878022,17.000000000000004,0.020373277336851042,1.2842106504399873,0.7798018497967838,0.7798018497967839,49.154086708006155,1.2823770554796705,25.272998344253594,1.2996697496613063,3.101048200051702,14.956701074035886,1.9569048416445882,23.03053165774722,6.265276770429311,18.9148445654547,10.74659956056457,14.935092809606605,110111.51672936232,2719.7522949345516,36935.3328266908,36743.15933504758,32847.83697951283,30524.597232202665,107359.05705404915,35015.60262959557,15022.647385137483,35835.968315199454,59683.4816162711,20282.194851253516,0.5164189331991214,0.9622218918577672,0.33543569213992697,0.13992901761026497
9.0,3.2,0.6,2.1,60.0,0.35555555555555557,0.06666666666666667,3.5000000000000004,2.666666666666667,53.13010235415601,1.8999999999999977,1.2876977590237269,0.8087377684007522,1.6258742946995461,0.2857142857142857,2313.4950258531962,694.0485077559589,149323.61504727436,34587.66719624375,2964.657188249463,889.3971564748389,191352.61748057412,1720.562313403241,64.54460172967312,14.950396179688402,64.5446017296731,3.9214219814055875,6.535703302342646,0.772618655414236,17.000000000000004,0.019978368098904978,1.2894958121526283,0.7765797470659218,0.7765797470659217,50.124030485700196,1.2876977590237269,25.272645099245743,1.2942995784432028,3.091213006216446,14.953722534388165,1.9189755698212332,22.912719241210894,6.266454493267146,18.91518282684636,10.69644662296179,14.900967475325283,110340.14549079891,2924.9880588760707,36835.08548008838,36818.606747363876,33116.658188372494,30540.591087602534,109445.08407581896,35699.940488148764,15251.10392965671,36531.10564507718,60885.066408250874,20689.313281892755,0.5195723775162556,0.9629001316939622,0.33383212715774424,0.1393493737835807
9.0,3.2,0.6,2.2,60.0,0.35555555555555557,0.06666666666666667,3.666666666666667,2.666666666666667,55.936065405602896,1.5264337522473745,1.2937811566172253,0.8105557416327125,1.658451927635989,0.2727272727272727,2268.631835561572,680.5895506684716,150024.03480147524,34425.03495329432,2950.7172817109417,885.2151845132825,195130.16842203354,1728.6906684954768,66.12974059950922,15.17435945915518,66.12974059950922,3.9506850781300717,6.584475130216786,0.7762686939703352,17.000000000000004,0.01959094849362325,1.2955443419816515,0.7729282459288881,0.7729282459288882,51.11354440531104,1.2937811566172253,25.272236874158704,1.2882137432148135,3.0823334521322665,14.950808292205357,1.8817652520448465,22.78431292123754,6.267605194346128,18.915499090954064,10.642130957137383,14.863895775325732,110604.3063620238,3161.467248641442,36726.604879067025,36905.91265126731,33422.31853547318,30557.647721970723,111573.61326306482,36396.90755840128,15483.887692903601,37240.3830423835,62110.75684466082,21105.386541774016,0.5231215136491384,0.9635605321144608,0.3320540229134982,0.1387773259291708
9.0,3.2,0.6,2.3,60.0,0.35555555555555557,0.06666666666666667,3.833333333333333,2.666666666666667,60.16034582105686,1.0246950765959593,1.3010393777086413,0.8136401472492759,1.691682311149447,0.2608695652173913,2224.5797400386577,667.3739220115973,150860.57211526413,34232.98502840213,2934.255859577325,880.2767578731974,198987.4805300119,1738.3887685230075,67.81531333762958,15.388517845535734,67.81531333762958,3.978465757547702,6.630776262579503,0.7806236266251847,17.000000000000004,0.019210533160955594,1.3027683256931273,0.768616244161015,0.768616244161015,52.12395143417123,1.3010393777086413,25.27175317856965,1.2810270736016915,3.074233198412071,14.947954267942245,1.8452273047459962,22.638292586264352,6.2687596484728685,18.9158025657899,10.580839428511238,14.821896497280921,110923.1120406444,3445.835902824913,36605.11585303172,37011.44700921546,33784.782100969554,30576.49055585814,113747.74414994993,37106.70697032647,15721.131814732704,37964.8189809763,63362.10749955267,21531.429029674517,0.5272809329918425,0.9642009410331449,0.33000440737381126,0.13821049315939005
